,Date,Real,Predict
30616,2018-09-04,101.97550201416016,101.419846
30617,2018-09-05,99.74099731445311,102.947784
30618,2018-09-06,97.91549682617186,100.45226
30619,2018-09-07,97.60350036621092,98.577065
30620,2018-09-10,96.95050048828124,98.56101
30621,2018-09-11,99.35749816894534,98.02992
30622,2018-09-12,99.50000000000001,100.59683
30623,2018-09-13,99.49349975585938,100.46513
30624,2018-09-14,98.5094985961914,100.3223
30625,2018-09-17,95.40149688720705,99.280785
30626,2018-09-18,97.05249786376952,96.058685
30627,2018-09-19,96.3209991455078,98.047226
30628,2018-09-20,97.21499633789061,97.42178
30629,2018-09-21,95.75050354003905,98.22312
30630,2018-09-24,96.71800231933594,96.52475
30631,2018-09-25,98.72750091552733,97.670685
30632,2018-09-26,98.74250030517578,99.892555
30633,2018-09-27,100.64900207519533,99.626045
30634,2018-09-28,100.1500015258789,101.61362
30635,2018-10-01,100.21800231933594,100.945045
30636,2018-10-02,98.56549835205078,101.07825
30637,2018-10-03,97.63800048828124,99.34349
30638,2018-10-04,95.47100067138672,98.49727
30639,2018-10-05,94.48249816894533,96.3086
30640,2018-10-08,93.22100067138672,95.35827
30641,2018-10-09,93.51599884033205,94.16098
30642,2018-10-10,87.76249694824219,94.53032
30643,2018-10-11,85.96800231933594,88.33677
30644,2018-10-12,89.43049621582031,86.37468
30645,2018-10-15,88.04750061035156,90.60855
30646,2018-10-16,90.9980010986328,89.0294
30647,2018-10-17,91.58650207519533,91.76808
30648,2018-10-18,88.53600311279297,92.26553
30649,2018-10-19,88.20149993896484,88.99814
30650,2018-10-22,89.46499633789062,88.72598
30651,2018-10-23,88.43499755859375,90.502975
30652,2018-10-24,83.20999908447266,89.3067
30653,2018-10-25,89.1084976196289,83.61565
30654,2018-10-26,82.1405029296875,89.71851
30655,2018-10-29,76.94400024414062,82.51255
30656,2018-10-30,76.52100372314453,76.94161
30657,2018-10-31,79.90049743652344,76.997185
30658,2018-11-01,83.27649688720703,81.104576
30659,2018-11-02,83.27649688720703,84.19169
30660,2018-11-05,81.38999938964844,83.31163
30661,2018-11-06,82.1405029296875,81.62476
30662,2018-11-07,87.77449798583984,82.682236
30663,2018-11-08,87.74549865722656,88.819916
30664,2018-11-09,85.62149810791016,87.83491
30665,2018-11-12,81.84249877929688,85.8242
30666,2018-11-13,81.55850219726562,82.12818
30667,2018-11-14,79.95050048828125,82.167656
30668,2018-11-15,80.97200012207031,80.88101
30669,2018-11-16,79.67050170898438,81.79236
30670,2018-11-19,75.614501953125,80.41654
30671,2018-11-20,74.77300262451172,76.11181
30672,2018-11-21,75.83650207519531,75.17388
30673,2018-11-23,75.10299682617188,76.71829
30674,2018-11-26,79.06649780273438,75.91927
30675,2018-11-27,79.07099914550781,79.67726
30676,2018-11-28,83.88749694824219,79.37101
30677,2018-11-29,83.67849731445312,84.41863
30678,2018-11-30,84.50849914550781,83.616745
30679,2018-12-03,88.61799621582031,84.92025
30680,2018-12-04,83.41999816894531,89.34965
30681,2018-12-06,84.95950317382812,83.412315
30682,2018-12-07,81.45649719238281,85.26841
30683,2018-12-10,82.05149841308594,82.19994
30684,2018-12-11,82.16200256347656,82.720345
30685,2018-12-12,83.177001953125,83.030106
30686,2018-12-13,82.91899871826172,84.0261
30687,2018-12-14,79.59549713134766,83.566025
30688,2018-12-17,76.04550170898438,80.08232
30689,2018-12-18,77.5739974975586,76.39993
30690,2018-12-19,74.75399780273438,78.2436
30691,2018-12-20,73.04149627685547,75.680244
30692,2018-12-21,68.87249755859375,73.52053
30693,2018-12-24,67.197998046875,69.40042
30694,2018-12-26,73.54499816894531,67.66452
30695,2018-12-27,73.08200073242188,74.06875
30696,2018-12-28,73.9010009765625,73.28465
30697,2018-12-31,75.09850311279297,74.09581
30698,2019-01-02,76.95649719238281,75.45355
30699,2019-01-03,75.01399993896484,77.536545
30700,2019-01-04,78.76950073242188,75.39325
30701,2019-01-07,81.47550201416016,79.18567
30702,2019-01-08,82.8290023803711,82.028305
30703,2019-01-09,82.97100067138672,83.066
30704,2019-01-10,82.81099700927734,83.264435
30705,2019-01-11,82.02799987792969,83.30032
30706,2019-01-14,80.8604965209961,82.63011
30707,2019-01-15,83.72799682617188,81.49501
30708,2019-01-16,84.18900299072266,84.53512
30709,2019-01-17,84.66100311279297,84.956406
30710,2019-01-18,84.80999755859375,85.24185
30711,2019-01-22,81.6084976196289,85.3911
30712,2019-01-23,82.0009994506836,82.13644
30713,2019-01-24,82.74649810791016,82.545494
30714,2019-01-25,83.52850341796875,83.67837
30715,2019-01-28,81.89450073242188,84.37565
30716,2019-01-29,79.69400024414062,82.4491
30717,2019-01-30,83.52149963378906,80.179436
30718,2019-01-31,85.9365005493164,84.22161
30719,2019-02-01,81.3115005493164,86.80146
30720,2019-02-04,81.66549682617188,81.399185
30721,2019-02-05,82.94049835205078,81.88584
30722,2019-02-06,82.01300048828125,83.89249
30723,2019-02-07,80.71849822998047,82.82897
30724,2019-02-08,79.41100311279297,81.246414
30725,2019-02-11,79.55000305175781,80.00759
30726,2019-02-12,81.90049743652344,80.29004
30727,2019-02-13,82.0,82.79677
30728,2019-02-14,81.13249969482422,82.66567
30729,2019-02-15,80.39749908447266,81.61368
30730,2019-02-19,81.37899780273438,80.9348
30731,2019-02-20,81.1050033569336,82.13284
30732,2019-02-21,80.97200012207031,81.85838
30733,2019-02-22,81.5780029296875,81.61005
30734,2019-02-25,81.6500015258789,82.25894
30735,2019-02-26,81.81999969482422,82.361
30736,2019-02-27,82.05449676513672,82.48344
30737,2019-02-28,81.99150085449219,82.72883
30738,2019-03-01,83.58650207519531,82.67175
30739,2019-03-04,84.80850219726562,84.33337
30740,2019-03-05,84.62149810791016,85.53969
30741,2019-03-06,83.44750213623047,85.1953
30742,2019-03-07,81.29750061035156,83.97423
30743,2019-03-08,81.04000091552734,81.85545
30744,2019-03-11,83.53099822998047,81.70437
30745,2019-03-12,83.65499877929688,84.51062
30746,2019-03-13,84.54049682617188,84.40962
30747,2019-03-14,84.31099700927734,85.134766
30748,2019-03-15,85.61799621582031,84.8988
30749,2019-03-18,87.10749816894531,86.35123
30750,2019-03-19,88.09249877929688,87.89134
30751,2019-03-20,89.8635025024414,88.788445
30752,2019-03-21,90.96299743652344,90.570465
30753,2019-03-22,88.2385025024414,91.651695
30754,2019-03-25,88.71299743652344,88.68139
30755,2019-03-26,89.18800354003906,89.322624
30756,2019-03-27,88.28500366210938,90.148346
30757,2019-03-28,88.6709976196289,89.11006
30758,2019-03-29,89.0374984741211,89.423355
30759,2019-04-01,90.70950317382812,89.8964
30760,2019-04-02,90.6989974975586,91.63712
30761,2019-04-03,91.03500366210938,91.43119
30762,2019-04-04,90.94300079345705,91.75767
30763,2019-04-05,91.86399841308594,91.70207
30764,2019-04-08,92.49299621582033,92.737015
30765,2019-04-09,91.79199981689452,93.36153
30766,2019-04-10,92.3665008544922,92.521866
30767,2019-04-11,92.20349884033205,93.16721
30768,2019-04-12,92.15299987792967,93.06619
30769,2019-04-15,92.24349975585938,92.98664
30770,2019-04-16,93.1520004272461,93.08407
30771,2019-04-17,93.24099731445312,94.08082
30772,2019-04-18,93.08450317382812,94.09322
30773,2019-04-22,94.3655014038086,93.87544
30774,2019-04-23,96.18849945068361,95.28617
30775,2019-04-24,95.0875015258789,97.205864
30776,2019-04-25,95.1125030517578,95.75908
30777,2019-04-26,97.53150177001953,95.83258
30778,2019-04-29,96.92150115966795,98.63721
30779,2019-04-30,96.32599639892578,97.767075
30780,2019-05-01,95.57599639892578,97.03759
30781,2019-05-02,95.04100036621094,96.36534
30782,2019-05-03,98.1230010986328,95.95515
30783,2019-05-06,97.52749633789062,99.33133
30784,2019-05-07,96.05000305175778,98.333984
30785,2019-05-08,95.88849639892578,96.67326
30786,2019-05-09,94.99349975585939,96.69034
30787,2019-05-10,94.49900054931639,95.94155
30788,2019-05-13,91.13400268554688,95.413376
30789,2019-05-14,92.00599670410156,91.81325
30790,2019-05-15,93.55750274658205,92.83189
30791,2019-05-16,95.37850189208984,94.76645
30792,2019-05-17,93.44999694824222,96.44023
30793,2019-05-20,92.94850158691406,93.977104
30794,2019-05-21,92.8759994506836,93.58203
30795,2019-05-22,92.98400115966795,93.777084
30796,2019-05-23,90.77400207519533,93.959694
30797,2019-05-24,91.16400146484376,91.4937
30798,2019-05-28,91.82150268554688,91.95976
30799,2019-05-29,90.95950317382812,92.84288
30800,2019-05-30,90.81600189208984,91.80197
30801,2019-05-31,88.75350189208984,91.56751
30802,2019-06-03,84.6344985961914,89.46334
30803,2019-06-04,86.47799682617188,85.16007
30804,2019-06-05,86.92500305175781,87.23672
30805,2019-06-06,87.71800231933594,88.069916
30806,2019-06-07,90.20149993896484,88.574646
30807,2019-06-10,93.03150177001952,91.00258
30808,2019-06-11,93.18499755859376,93.85068
30809,2019-06-12,92.76599884033205,93.53052
30810,2019-06-13,93.51499938964845,93.28809
30811,2019-06-14,93.4834976196289,94.305046
30812,2019-06-17,94.30149841308595,94.36928
30813,2019-06-18,95.06849670410156,95.20398
30814,2019-06-19,95.4394989013672,95.973206
30815,2019-06-20,95.90950012207033,96.2956
30816,2019-06-21,95.56500244140622,96.76211
30817,2019-06-24,95.69499969482423,96.385376
30818,2019-06-25,93.91349792480466,96.560814
30819,2019-06-26,94.8915023803711,94.67324
30820,2019-06-27,95.21399688720703,95.82342
30821,2019-06-28,94.68150329589845,96.24927
30822,2019-07-01,96.1094970703125,95.54468
30823,2019-07-02,96.71549987792966,97.054665
30824,2019-07-03,96.9499969482422,97.675896
30825,2019-07-05,97.1455001831055,97.804405
30826,2019-07-08,97.61599731445314,97.99282
30827,2019-07-09,99.41500091552734,98.54924
30828,2019-07-10,100.87049865722656,100.499565
30829,2019-07-11,100.05349731445312,101.88363
30830,2019-07-12,100.55000305175781,100.768326
30831,2019-07-15,101.04949951171876,101.40892
30832,2019-07-16,100.49500274658205,102.083626
30833,2019-07-17,99.60150146484378,101.43394
30834,2019-07-18,98.89499664306642,100.442726
30835,2019-07-19,98.22599792480467,99.80613
30836,2019-07-22,99.28150177001952,99.19427
30837,2019-07-23,99.72450256347656,100.40541
30838,2019-07-24,100.04049682617188,100.795425
30839,2019-07-25,98.69100189208984,100.99643
30840,2019-07-26,97.15249633789061,99.46968
30841,2019-07-29,95.62249755859378,97.9166
30842,2019-07-30,94.92649841308594,96.45823
30843,2019-07-31,93.33899688720705,95.88545
30844,2019-08-01,92.76599884033205,94.2532
30845,2019-08-02,91.16200256347656,93.65826
30846,2019-08-05,88.25650024414062,92.02057
30847,2019-08-06,89.3915023803711,88.94569
30848,2019-08-07,89.66999816894531,90.24978
30849,2019-08-08,91.64450073242188,90.75445
30850,2019-08-09,90.37899780273438,92.63891
30851,2019-08-12,89.24600219726562,90.99514
30852,2019-08-13,91.21700286865234,89.83664
30853,2019-08-14,88.14800262451172,92.145584
30854,2019-08-15,88.80599975585938,88.86214
30855,2019-08-16,89.62850189208984,89.46515
30856,2019-08-19,90.80599975585938,90.60359
30857,2019-08-20,90.06900024414062,91.76963
30858,2019-08-21,91.177001953125,90.72867
30859,2019-08-22,90.23300170898438,91.953766
30860,2019-08-23,87.48100280761719,90.983315
30861,2019-08-26,88.44349670410156,88.06298
30862,2019-08-27,88.09149932861328,89.190056
30863,2019-08-28,88.2125015258789,89.08176
30864,2019-08-29,89.31999969482422,89.04897
30865,2019-08-30,88.81449890136719,90.16264
30866,2019-09-03,89.49199676513672,89.56984
30867,2019-09-04,90.03099822998047,90.25062
30868,2019-09-05,92.03600311279295,90.859276
30869,2019-09-06,91.67549896240234,92.963
30870,2019-09-09,91.56749725341795,92.35848
30871,2019-09-10,91.02749633789062,92.245415
30872,2019-09-11,91.14949798583984,91.76815
30873,2019-09-12,92.17749786376952,92.003555
30874,2019-09-13,91.96700286865234,93.124626
30875,2019-09-16,90.39199829101562,92.795616
30876,2019-09-17,91.12750244140624,91.048645
30877,2019-09-18,90.8730010986328,91.94642
30878,2019-09-19,91.0749969482422,91.80142
30879,2019-09-20,89.70800018310547,91.92983
30880,2019-09-23,89.26499938964844,90.429985
30881,2019-09-24,87.08049774169922,90.02365
30882,2019-09-25,88.41649627685547,87.813805
30883,2019-09-26,86.99199676513672,89.27971
30884,2019-09-27,86.27249908447266,87.85201
30885,2019-09-30,86.79550170898438,86.98208
30886,2019-10-01,86.78250122070312,87.611496
30887,2019-10-02,85.6614990234375,87.65426
30888,2019-10-03,86.22100067138672,86.35482
30889,2019-10-04,86.98249816894531,86.96673
30890,2019-10-07,86.63300323486328,87.860855
30891,2019-10-08,85.27549743652344,87.37761
30892,2019-10-09,86.09950256347656,85.88335
30893,2019-10-10,86.01300048828125,86.85536
30894,2019-10-11,86.59600067138672,86.8713
30895,2019-10-14,86.82150268554688,87.38295
30896,2019-10-15,88.36900329589844,87.56509
30897,2019-10-16,88.87149810791016,89.19721
30898,2019-10-17,89.3740005493164,89.608475
30899,2019-10-18,87.87550354003906,90.0738
30900,2019-10-21,89.28299713134766,88.47703
30901,2019-10-22,88.2864990234375,90.08386
30902,2019-10-23,88.1084976196289,89.08664
30903,2019-10-24,89.03900146484375,88.842995
30904,2019-10-25,88.06649780273438,89.88878
30905,2019-10-28,88.85399627685547,88.84619
30906,2019-10-29,88.135498046875,89.62543
30907,2019-10-30,88.99949645996094,88.91089
30908,2019-10-31,88.83300018310547,89.821014
30909,2019-11-01,89.5719985961914,89.62993
30910,2019-11-04,90.23300170898438,90.387924
30911,2019-11-05,90.08550262451172,91.052895
30912,2019-11-06,89.78849792480469,90.83808
30913,2019-11-07,89.41000366210938,90.50873
30914,2019-11-08,89.29399871826172,90.17348
30915,2019-11-11,88.5824966430664,90.11072
30916,2019-11-12,88.9000015258789,89.37178
30917,2019-11-13,87.65550231933594,89.72692
30918,2019-11-14,87.7300033569336,88.42425
30919,2019-11-15,86.97450256347656,88.50608
30920,2019-11-18,87.62650299072266,87.772545
30921,2019-11-19,87.6395034790039,88.47005
30922,2019-11-20,87.27649688720703,88.46884
30923,2019-11-21,86.7354965209961,88.01933
30924,2019-11-22,87.28600311279297,87.44231
30925,2019-11-25,88.69200134277344,88.098755
30926,2019-11-26,89.84700012207031,89.60692
30927,2019-11-27,90.92549896240234,90.66455
30928,2019-11-29,90.04000091552734,91.65274
30929,2019-12-02,89.08000183105469,90.63568
30930,2019-12-03,88.49800109863281,89.70388
30931,2019-12-04,88.03450012207031,89.26103
30932,2019-12-05,87.02400207519531,88.88421
30933,2019-12-06,87.58000183105469,87.813324
30934,2019-12-09,87.47550201416016,88.423386
30935,2019-12-10,86.96050262451172,88.333534
30936,2019-12-11,87.43599700927734,87.70678
30937,2019-12-12,88.0165023803711,88.209755
30938,2019-12-13,88.0469970703125,88.86835
30939,2019-12-16,88.46050262451172,88.81625
30940,2019-12-17,89.53299713134766,89.21361
30941,2019-12-18,89.20149993896484,90.37015
30942,2019-12-19,89.61399841308594,89.93306
30943,2019-12-20,89.32499694824219,90.35353
30944,2019-12-23,89.6500015258789,90.0946
30945,2019-12-24,89.46050262451172,90.45829
30946,2019-12-26,93.4384994506836,90.26016
30947,2019-12-27,93.4899978637695,94.47163
30948,2019-12-30,92.34449768066406,93.96808
30949,2019-12-31,92.39199829101562,92.84698
30950,2020-01-02,94.90049743652344,93.07564
30951,2020-01-03,93.74849700927736,96.02351
30952,2020-01-06,95.1439971923828,94.50768
30953,2020-01-07,95.34300231933594,95.95862
30954,2020-01-08,94.59850311279295,96.20632
30955,2020-01-09,95.05249786376952,95.39184
30956,2020-01-10,94.15799713134766,95.90282
30957,2020-01-13,94.56500244140625,95.02108
30958,2020-01-14,93.47200012207033,95.47136
30959,2020-01-15,93.10099792480467,94.31148
30960,2020-01-16,93.89700317382812,93.94002
30961,2020-01-17,93.23600006103516,94.87329
30962,2020-01-21,94.5999984741211,94.1273
30963,2020-01-22,94.37300109863281,95.5327
30964,2020-01-23,94.2289962768555,95.22857
30965,2020-01-24,93.08200073242188,95.03706
30966,2020-01-27,91.41699981689452,93.829544
30967,2020-01-28,92.6624984741211,92.15875
30968,2020-01-29,92.9000015258789,93.63166
30969,2020-01-30,93.53399658203124,93.92775
30970,2020-01-31,100.43599700927736,94.43147
30971,2020-02-03,100.20999908447267,101.60763
30972,2020-02-04,102.48349761962892,100.1522
30973,2020-02-05,101.99349975585938,103.16073
30974,2020-02-06,102.5114974975586,102.57322
30975,2020-02-07,103.96399688720705,103.43657
30976,2020-02-10,106.69550323486328,105.08375
30977,2020-02-11,107.54000091552734,107.999535
30978,2020-02-12,108.0,108.37436
30979,2020-02-13,107.49349975585938,108.88592
30980,2020-02-14,106.74349975585938,108.37836
30981,2020-02-18,107.78350067138672,107.69691
30982,2020-02-19,108.51100158691405,109.016464
30983,2020-02-20,107.65499877929688,109.77625
30984,2020-02-21,104.79850006103514,108.6272
30985,2020-02-24,100.4645004272461,105.48278
30986,2020-02-25,98.63700103759766,101.00201
30987,2020-02-26,98.97949981689452,99.44157
30988,2020-02-27,94.21499633789062,100.26831
30989,2020-02-28,94.1875,95.03366
30990,2020-03-02,97.6975021362305,94.90529
30991,2020-03-03,95.44950103759766,99.13439
30992,2020-03-04,98.79149627685548,96.17266
30993,2020-03-05,96.20149993896483,99.69007
30994,2020-03-06,95.05449676513672,96.75649
30995,2020-03-09,90.03050231933594,95.70858
30996,2020-03-10,94.59100341796878,90.547104
30997,2020-03-11,91.04299926757812,95.56299
30998,2020-03-12,83.83049774169922,91.860245
30999,2020-03-13,89.25,84.01602
31000,2020-03-16,84.4574966430664,89.75959
31001,2020-03-17,90.39199829101562,85.27644
31002,2020-03-18,91.5,91.10698
31003,2020-03-19,94.04650115966795,91.92333
31004,2020-03-20,92.30449676513672,94.78722
31005,2020-03-23,95.1415023803711,92.46554
31006,2020-03-24,97.00499725341797,95.96842
31007,2020-03-25,94.29199981689452,97.981575
31008,2020-03-26,97.77449798583984,94.784004
31009,2020-03-27,95.00499725341795,98.614395
31010,2020-03-30,98.19750213623047,95.66695
31011,2020-03-31,97.48600006103516,99.176125
31012,2020-04-01,95.38500213623047,98.312454
31013,2020-04-02,95.94149780273436,96.03543
31014,2020-04-03,95.32949829101562,96.769295
31015,2020-04-06,99.87950134277344,96.35325
31016,2020-04-07,100.58000183105467,101.194046
31017,2020-04-08,102.1500015258789,101.15199
31018,2020-04-09,102.13800048828122,102.96198
31019,2020-04-13,108.44349670410156,102.85829
31020,2020-04-14,114.16600036621094,109.98348
31021,2020-04-15,115.38400268554688,115.02737
31022,2020-04-16,120.40950012207031,115.32813
31023,2020-04-17,118.75,121.557884
31024,2020-04-20,119.68049621582033,118.78411
31025,2020-04-21,116.40599822998047,120.78498
31026,2020-04-22,118.17449951171876,117.15978
31027,2020-04-23,119.97250366210936,119.701416
31028,2020-04-24,120.51100158691406,121.733665
31029,2020-04-27,118.80000305175781,121.89901
31030,2020-04-28,115.7040023803711,119.69079
31031,2020-04-29,118.635498046875,116.46283
31032,2020-04-30,123.6999969482422,120.406555
31033,2020-05-01,114.302001953125,126.106865
31034,2020-05-04,115.79949951171876,113.45733
31035,2020-05-05,115.88999938964844,116.53867
31036,2020-05-06,117.56300354003906,117.555405
31037,2020-05-07,118.38050079345705,119.36298
31038,2020-05-08,118.98049926757812,119.692024
31039,2020-05-11,120.4499969482422,120.25436
31040,2020-05-12,117.84750366210938,121.88394
31041,2020-05-13,118.39600372314452,118.689186
31042,2020-05-14,119.44249725341795,119.65941
31043,2020-05-15,120.48899841308594,121.03134
31044,2020-05-18,121.31300354003905,122.047104
31045,2020-05-19,122.4664993286133,122.68789
31046,2020-05-20,124.89700317382814,123.90435
31047,2020-05-21,122.33699798583986,126.60097
31048,2020-05-22,121.8440017700195,123.07257
31049,2020-05-26,121.09300231933594,122.96835
31050,2020-05-27,120.51950073242188,122.432785
31051,2020-05-28,120.05500030517578,121.93585
31052,2020-05-29,122.11849975585939,121.41267
31053,2020-06-01,123.552001953125,123.89539
31054,2020-06-02,123.62049865722656,125.18328
31055,2020-06-03,123.91999816894533,124.88483
31056,2020-06-04,123.02999877929688,125.229546
31057,2020-06-05,124.15000152587889,124.25336
31058,2020-06-08,126.2030029296875,125.74603
31059,2020-06-09,130.04299926757812,128.05449
31060,2020-06-10,132.37249755859375,132.1898
31061,2020-06-11,127.89800262451172,133.6465
31062,2020-06-12,127.2509994506836,127.98944
31063,2020-06-15,128.63400268554688,128.3308
31064,2020-06-16,130.7635040283203,130.62454
31065,2020-06-17,132.0489959716797,132.93324
31066,2020-06-18,132.69900512695312,133.72032
31067,2020-06-19,133.75050354003906,134.18723
31068,2020-06-22,135.6909942626953,135.41522
31069,2020-06-23,138.2205047607422,137.64278
31070,2020-06-24,136.72000122070312,140.30333
31071,2020-06-25,137.72900390625,137.70952
31072,2020-06-26,134.64349365234375,139.46495
31073,2020-06-29,134.0189971923828,135.73024
31074,2020-06-30,137.9409942626953,135.5574
31075,2020-07-01,143.93499755859375,140.6577
31076,2020-07-02,144.51499938964844,146.87488
31077,2020-07-06,152.8520050048828,145.22827
31078,2020-07-07,150.00599670410156,156.06927
31079,2020-07-08,154.0554962158203,149.69159
31080,2020-07-09,159.13150024414062,156.74461
31081,2020-07-10,160.0,162.1868
31082,2020-07-13,155.1999969482422,161.41975
31083,2020-07-14,154.1999969482422,155.60506
31084,2020-07-15,150.44349670410156,155.95125
31085,2020-07-16,149.9949951171875,151.90102
31086,2020-07-17,148.09849548339844,152.22075
31087,2020-07-20,159.8419952392578,149.95074
31088,2020-07-21,156.9145050048828,164.26404
31089,2020-07-22,154.99549865722656,156.64464
31090,2020-07-23,149.32749938964844,156.08539
31091,2020-07-24,150.44549560546875,149.82701
31092,2020-07-27,152.760498046875,152.98764
31093,2020-07-28,150.01649475097656,155.88947
31094,2020-07-29,151.67649841308594,151.46565
31095,2020-07-30,152.593994140625,154.06578
31096,2020-07-31,158.23399353027344,155.00702
31097,2020-08-03,155.59449768066406,161.96146
31098,2020-08-04,156.94149780273438,156.01979
31099,2020-08-05,160.25149536132812,159.22426
31100,2020-08-06,161.25,163.4093
31101,2020-08-07,158.3730010986328,163.48485
31102,2020-08-10,157.4080047607422,159.56996
31103,2020-08-11,154.0334930419922,159.30591
31104,2020-08-12,158.11199951171875,155.51848
31105,2020-08-13,158.05099487304688,161.71143
31106,2020-08-14,157.4010009765625,160.21072
31107,2020-08-17,159.12049865722656,159.36293
31108,2020-08-18,165.62449645996094,161.77261
31109,2020-08-19,163.0240020751953,169.87718
31110,2020-08-20,164.86849975585938,163.43051
31111,2020-08-21,164.23599243164062,167.47813
31112,2020-08-24,165.3730010986328,166.36127
31113,2020-08-25,167.32449340820312,168.2059
31114,2020-08-26,172.09249877929688,170.37662
31115,2020-08-27,170.0,176.16093
31116,2020-08-28,170.08999633789062,170.88794
31117,2020-08-31,172.54800415039062,172.45753
31118,2020-09-01,174.95599365234375,175.968
31119,2020-09-02,176.57249450683594,178.40318
31120,2020-09-03,168.39999389648438,179.43498
31121,2020-09-04,164.7310028076172,168.16003
31122,2020-09-08,157.49200439453125,166.0127
31123,2020-09-09,163.4304962158203,158.23729
31124,2020-09-10,158.7554931640625,167.73601
31125,2020-09-11,155.81100463867188,159.76967
31126,2020-09-14,155.14849853515625,157.2387
31127,2020-09-15,157.80650329589844,157.31001
31128,2020-09-16,153.90499877929688,161.19376
31129,2020-09-17,150.43649291992188,155.12581
31130,2020-09-18,147.74549865722656,151.57568
31131,2020-09-21,148.02349853515625,149.26665
31132,2020-09-22,156.44949340820312,150.49852
31133,2020-09-23,149.9929962158203,160.8775
31134,2020-09-24,150.989501953125,149.21732
31135,2020-09-25,154.75650024414062,152.85117
31136,2020-09-28,158.70249938964844,157.9798
31137,2020-09-29,157.24400329589844,161.83392
31138,2020-09-30,157.43649291992188,158.06616
31139,2020-10-01,161.06300354003906,159.40039
31140,2020-10-02,156.25,164.36104
31141,2020-10-05,159.9600067138672,156.837
31142,2020-10-06,154.9980010986328,163.15749
31143,2020-10-07,159.7845001220703,155.86629
31144,2020-10-08,159.52749633789062,163.29964
31145,2020-10-09,164.33250427246094,161.41483
31146,2020-10-12,172.14649963378906,168.06865
31147,2020-10-13,172.18150329589844,176.03372
31148,2020-10-14,168.1855010986328,172.97862
31149,2020-10-15,166.9324951171875,168.83838
31150,2020-10-16,163.635498046875,168.94196
31151,2020-10-19,160.36050415039062,165.43167
31152,2020-10-20,160.85049438476562,162.1004
31153,2020-10-21,159.2469940185547,163.68451
31154,2020-10-22,158.82000732421875,161.45488
31155,2020-10-23,160.22000122070312,161.16759
31156,2020-10-26,160.3520050048828,163.05812
31157,2020-10-27,164.31649780273438,162.7899
31158,2020-10-28,158.13900756835938,167.82927
31159,2020-10-29,160.55050659179688,158.14162
31160,2020-10-30,151.8074951171875,163.39688
31161,2020-11-02,150.2239990234375,151.90378
31162,2020-11-03,152.42050170898438,151.8912
31163,2020-11-04,162.05799865722656,155.58263
31164,2020-11-05,166.10000610351562,167.08397
31165,2020-11-06,165.56849670410156,168.0137
31166,2020-11-09,157.18699645996094,166.12694
31167,2020-11-10,151.75100708007812,156.64217
31168,2020-11-11,156.8695068359375,152.29947
31169,2020-11-12,155.51400756835938,160.82236
31170,2020-11-13,156.4405059814453,157.62488
31171,2020-11-16,156.55299377441406,158.8398
31172,2020-11-17,156.7830047607422,158.69841
31173,2020-11-18,155.2729949951172,159.08698
31174,2020-11-19,155.8509979248047,157.04149
31175,2020-11-20,154.97000122070312,158.25693
31176,2020-11-23,154.91949462890625,157.01839
31177,2020-11-24,155.9029998779297,157.15547
31178,2020-11-25,159.2534942626953,158.42697
31179,2020-11-27,159.76699829101562,162.47711
31180,2020-11-30,158.40199279785156,161.7209
31181,2020-12-01,161.00399780273438,160.04686
31182,2020-12-02,160.17649841308594,163.97412
31183,2020-12-03,159.3365020751953,162.23187
31184,2020-12-04,158.12899780273438,161.34428
31185,2020-12-07,157.89999389648438,160.07959
31186,2020-12-08,158.864501953125,160.25264
31187,2020-12-09,155.2100067138672,161.55916
31188,2020-12-10,155.07449340820312,156.513
31189,2020-12-11,155.8209991455078,157.25906
31190,2020-12-14,157.84849548339844,158.44936
31191,2020-12-15,158.25599670410156,160.79791
31192,2020-12-16,162.04800415039062,160.50279
31193,2020-12-17,161.8040008544922,165.3268
31194,2020-12-18,160.08250427246094,163.443
31195,2020-12-21,160.3090057373047,161.69933
31196,2020-12-22,160.3260040283203,162.65817
31197,2020-12-23,159.2635040283203,162.80344
31198,2020-12-24,158.63450622558594,161.35149
31199,2020-12-28,164.197998046875,160.79877
31200,2020-12-29,166.10000610351562,168.25868
31201,2020-12-30,164.29249572753906,168.2971
31202,2020-12-31,162.84649658203125,165.55905
31203,2021-01-04,159.3314971923828,164.59676
31204,2021-01-05,160.92550659179688,160.78587
31205,2021-01-06,156.91900634765625,163.97533
31206,2021-01-07,158.10800170898438,158.34999
31207,2021-01-08,159.13499450683594,160.827
31208,2021-01-11,155.7104949951172,161.89737
31209,2021-01-12,156.04150390625,157.09285
31210,2021-01-13,158.29449462890625,158.32037
31211,2021-01-14,156.37350463867188,161.36668
31212,2021-01-15,155.21249389648438,158.1082
31213,2021-01-19,156.03799438476562,157.0167
31214,2021-01-20,163.16900634765625,158.56232
31215,2021-01-21,165.34950256347656,167.54944
31216,2021-01-22,164.6114959716797,167.15419
31217,2021-01-25,164.6999969482422,165.83759
31218,2021-01-26,166.30650329589844,166.82121
31219,2021-01-27,161.62899780273438,169.2633
31220,2021-01-28,161.88099670410156,162.67819
31221,2021-01-29,160.30999755859375,164.35158
31222,2021-02-01,167.1439971923828,162.46393
31223,2021-02-02,169.0,171.7069
31224,2021-02-03,165.62649536132812,171.04054
31225,2021-02-04,166.5500030517578,166.38864
31226,2021-02-05,167.6074981689453,169.09276
31227,2021-02-08,166.14700317382812,170.59846
31228,2021-02-09,165.25,168.26996
31229,2021-02-10,164.32899475097656,167.44527
31230,2021-02-11,163.10650634765625,166.63011
31231,2021-02-12,163.885498046875,165.34737
31232,2021-02-16,163.44749450683594,166.71255
31233,2021-02-17,165.4320068359375,165.85934
31234,2021-02-18,166.4114990234375,168.51782
31235,2021-02-19,162.4949951171875,169.11705
31236,2021-02-22,159.03700256347656,163.66066
31237,2021-02-23,159.72500610351562,160.35025
31238,2021-02-24,157.97650146484375,162.52509
31239,2021-02-25,152.85800170898438,160.14351
31240,2021-02-26,154.64649963378906,153.84975
31241,2021-03-01,157.3070068359375,157.39589
31242,2021-03-02,154.72650146484375,160.62128
31243,2021-03-03,150.25,156.117
31244,2021-03-04,148.8784942626953,151.06433
31245,2021-03-05,150.0229949951172,150.64792
31246,2021-03-08,147.59750366210938,152.78302
31247,2021-03-09,153.1425018310547,149.2667
31248,2021-03-10,152.8820037841797,156.581
31249,2021-03-11,155.67950439453125,154.26292
31250,2021-03-12,154.47450256347656,158.3497
31251,2021-03-15,154.08399963378906,155.84698
31252,2021-03-16,154.59300231933594,156.02292
31253,2021-03-17,156.7864990234375,156.9006
31254,2021-03-18,151.39950561523438,159.67159
31255,2021-03-19,153.7480010986328,152.06442
31256,2021-03-22,155.5435028076172,156.3951
31257,2021-03-23,156.875,158.4223
31258,2021-03-24,154.35350036621094,159.4373
31259,2021-03-25,152.31300354003906,155.61757
31260,2021-03-26,152.60150146484375,153.83226
31261,2021-03-29,153.7864990234375,154.96605
31262,2021-03-30,152.76449584960938,156.4807
31263,2021-03-31,154.70399475097656,154.67679
31264,2021-04-01,158.0500030517578,157.3338
31265,2021-04-05,161.3365020751953,161.15097
31266,2021-04-06,161.1909942626953,164.01797
31267,2021-04-07,163.96949768066406,162.61678
31268,2021-04-08,164.96499633789062,166.86116
31269,2021-04-09,168.61000061035156,167.32417
31270,2021-04-12,168.96949768066406,172.03659
31271,2021-04-13,170.0,170.88898
31272,2021-04-14,166.64999389648438,172.64595
31273,2021-04-15,168.95449829101562,167.99648
31274,2021-04-16,169.9720001220703,172.27716
31275,2021-04-19,168.60049438476562,172.9853
31276,2021-04-20,166.7344970703125,170.71559
31277,2021-04-21,168.1009979248047,168.62901
31278,2021-04-22,165.45199584960938,171.21284
31279,2021-04-23,167.04400634765625,167.2998
31280,2021-04-26,170.4499969482422,170.13622
31281,2021-04-27,170.8715057373047,174.17201
31282,2021-04-28,172.9250030517578,173.14928
31283,2021-04-29,173.5655059814453,175.96805
31284,2021-04-30,173.37100219726562,176.1949
31285,2021-05-03,169.32449340820312,175.86163
31286,2021-05-04,165.593505859375,170.5986
31287,2021-05-05,163.52699279785156,167.09679
31288,2021-05-06,165.31849670410156,165.71349
31289,2021-05-07,164.58050537109375,168.79326
31290,2021-05-10,159.52450561523438,167.05737
31291,2021-05-11,161.19549560546875,160.46727
31292,2021-05-12,157.5970001220703,164.08522
31293,2021-05-13,158.07350158691406,159.21062
31294,2021-05-14,161.14500427246094,160.65195
31295,2021-05-17,163.51950073242188,164.51938
31296,2021-05-18,161.61399841308594,166.43433
31297,2021-05-19,161.58999633789062,162.92212
31298,2021-05-20,162.38400268554688,163.76967
31299,2021-05-21,160.1540069580078,165.05998
31300,2021-05-24,162.24949645996094,161.93571
31301,2021-05-25,162.95249938964844,165.26842
31302,2021-05-26,163.25799560546875,165.60698
31303,2021-05-27,161.5054931640625,165.7072
31304,2021-05-28,161.15350341796875,163.26793
31305,2021-06-01,160.9324951171875,163.45328
31306,2021-06-02,161.69949340820312,163.3627
31307,2021-06-03,159.35049438476562,164.41054
31308,2021-06-04,160.31100463867188,161.03606
31309,2021-06-07,159.90049743652344,162.96045
31310,2021-06-08,163.20550537109375,162.22517
31311,2021-06-09,164.0574951171875,166.60524
31312,2021-06-10,167.4824981689453,166.36447
31313,2021-06-11,167.3415069580078,170.77278
31314,2021-06-14,169.19349670410156,169.12207
31315,2021-06-15,169.156494140625,172.09839
31316,2021-06-16,170.7624969482422,171.51765
31317,2021-06-17,174.46200561523438,173.79068
31318,2021-06-18,174.34500122070312,178.21681
31319,2021-06-21,172.697998046875,176.31918
31320,2021-06-22,175.27200317382812,174.59564
31321,2021-06-23,175.1909942626953,178.82954
31322,2021-06-24,172.45399475097656,177.90134
31323,2021-06-25,170.072998046875,174.19928
31324,2021-06-28,172.1945037841797,171.99513
31325,2021-06-29,172.40699768066406,175.81976
31326,2021-06-30,172.00799560546875,175.34268
31327,2021-07-01,171.64849853515625,174.52129
31328,2021-07-02,175.5489959716797,174.14801
31329,2021-07-06,183.78700256347656,179.61716
31330,2021-07-07,184.82899475097656,188.94534
31331,2021-07-08,186.57049560546875,186.291
31332,2021-07-09,185.9669952392578,189.3064
31333,2021-07-12,185.9275054931641,188.31116
31334,2021-07-13,183.8679962158203,188.92166
31335,2021-07-14,184.08399963378903,186.18527
31336,2021-07-15,181.55999755859372,187.37476
31337,2021-07-16,178.68150329589844,183.80469
31338,2021-07-19,177.47950744628906,180.8015
31339,2021-07-20,178.6595001220703,180.2232
31340,2021-07-21,179.25999450683594,182.29794
31341,2021-07-22,181.9015045166016,182.50021
31342,2021-07-23,182.83200073242188,185.71921
31343,2021-07-26,184.99099731445312,185.77625
31344,2021-07-27,181.3195037841797,188.56511
31345,2021-07-28,181.51600646972656,182.66139
31346,2021-07-29,179.99600219726562,184.57018
31347,2021-07-30,166.37950134277344,182.5696
31348,2021-08-02,166.57400512695312,164.95341
31349,2021-08-03,168.31199645996094,169.20798
31350,2021-08-04,167.73599243164062,172.18571
31351,2021-08-05,168.79949951171875,170.57303
31352,2021-08-06,167.2469940185547,171.61942
31353,2021-08-09,167.093505859375,169.27097
31354,2021-08-10,166.03399658203125,169.62012
31355,2021-08-11,164.60549926757812,168.31537
31356,2021-08-12,165.1750030517578,166.7877
31357,2021-08-13,164.69850158691406,167.97229
31358,2021-08-16,164.94949340820312,167.1589
31359,2021-08-17,162.09800720214844,167.5507
31360,2021-08-18,160.06100463867188,163.69794
31361,2021-08-19,159.3874969482422,161.92134
31362,2021-08-20,159.99749755859375,161.76013
31363,2021-08-23,163.2935028076172,162.77907
31364,2021-08-24,165.28900146484375,166.7534
31365,2021-08-25,164.95899963378906,167.91388
31366,2021-08-26,165.8000030517578,166.86308
31367,2021-08-27,167.48150634765625,168.30959
31368,2021-08-30,171.07850646972656,170.44698
31369,2021-08-31,173.5395050048828,174.68132
31370,2021-09-01,173.9499969482422,176.26181
31371,2021-09-02,173.156005859375,176.10252
31372,2021-09-03,173.90249633789062,175.31303
31373,2021-09-07,175.46449279785156,176.80862
31374,2021-09-08,176.27499389648438,178.7618
31375,2021-09-09,174.20799255371094,179.24745
31376,2021-09-10,173.45750427246094,176.13535
31377,2021-09-13,172.85850524902344,175.95226
31378,2021-09-14,172.5,175.53632
31379,2021-09-15,173.7895050048828,175.25935
31380,2021-09-16,174.41200256347656,177.03159
31381,2021-09-17,173.12600708007812,177.36107
31382,2021-09-20,167.7864990234375,175.34943
31383,2021-09-21,167.18150329589844,168.72708
31384,2021-09-22,169.00250244140625,169.71207
31385,2021-09-23,170.8000030517578,172.58315
31386,2021-09-24,171.2760009765625,174.16974
31387,2021-09-27,170.2899932861328,173.87
31388,2021-09-28,165.79800415039062,172.42305
31389,2021-09-29,165.05599975585938,166.93665
31390,2021-09-30,164.2519989013672,167.48021
31391,2021-10-01,164.16299438476562,166.85464
31392,2021-10-04,159.48899841308594,166.86165
31393,2021-10-05,161.0500030517578,160.62968
31394,2021-10-06,163.10049438476562,163.96904
31395,2021-10-07,165.1215057373047,166.36465
31396,2021-10-08,164.43099975585938,168.14684
31397,2021-10-11,162.31500244140625,166.31502
31398,2021-10-12,162.3665008544922,163.9435
31399,2021-10-13,164.21400451660156,164.83615
31400,2021-10-14,164.9929962158203,167.37212
31401,2021-10-15,170.4510040283203,167.6949
31402,2021-10-18,172.33700561523438,174.58469
31403,2021-10-19,172.20750427246094,174.43384
31404,2021-10-20,170.7530059814453,174.11678
31405,2021-10-21,171.75050354003906,172.63768
31406,2021-10-22,166.77749633789062,174.75288
31407,2021-10-25,166.01849365234375,167.90941
31408,2021-10-26,168.80349731445312,168.42432
31409,2021-10-27,169.62449645996094,172.55556
31410,2021-10-28,172.32850646972656,172.57173
31411,2021-10-29,168.6215057373047,175.65848
31412,2021-11-01,165.90550231933594,169.62201
31413,2021-11-02,165.6374969482422,167.53362
31414,2021-11-03,169.1999969482422,168.28615
31415,2021-11-04,173.85000610351562,173.20432
31416,2021-11-05,175.94949340820312,177.82674
31417,2021-11-08,174.44900512695312,178.20128
31418,2021-11-09,178.81149291992188,175.88391
31419,2021-11-10,174.1024932861328,182.89522
31420,2021-11-11,173.625,174.69469
31421,2021-11-12,176.25750732421875,176.16943
31422,2021-11-15,177.28399658203125,180.09244
31423,2021-11-16,177.03500366210938,180.50783
31424,2021-11-17,177.4499969482422,179.57791
31425,2021-11-18,184.8029937744141,180.28998
31426,2021-11-19,183.82850646972656,190.23552
31427,2021-11-22,178.6284942626953,185.03775
31428,2021-11-23,179.0019989013672,179.33492
31429,2021-11-24,179.02049255371094,182.02745
31430,2021-11-26,175.22799682617188,182.29295
31431,2021-11-29,178.07850646972656,176.96024
31432,2021-11-30,175.35350036621094,182.02621
31433,2021-12-01,172.18600463867188,177.33618
31434,2021-12-02,171.8679962158203,173.96507
31435,2021-12-03,169.489501953125,174.64183
31436,2021-12-06,171.36849975585938,171.70955
31437,2021-12-07,176.1645050048828,174.85431
31438,2021-12-08,176.1580047607422,180.66269
31439,2021-12-09,174.17100524902344,178.01529
31440,2021-12-10,172.21200561523438,175.90422
31441,2021-12-13,169.5675048828125,174.21803
31442,2021-12-14,169.0915069580078,171.58784
31443,2021-12-15,173.31500244140625,171.85007
31444,2021-12-16,168.87100219726562,177.62572
31445,2021-12-17,170.0175018310547,169.66031
31446,2021-12-20,167.07899475097656,172.8942
31447,2021-12-21,170.41700744628906,168.8323
31448,2021-12-22,171.03700256347656,174.2682
31449,2021-12-23,171.06849670410156,173.77435
31450,2021-12-27,169.66949462890625,173.60744
31451,2021-12-28,170.66099548339844,171.70174
31452,2021-12-29,169.2010040283203,173.65964
31453,2021-12-30,168.64450073242188,171.42014
31454,2021-12-31,166.7169952392578,171.12979
31455,2022-01-03,170.4044952392578,168.77126
31456,2022-01-04,167.52200317382812,174.33008
31457,2022-01-05,164.35699462890625,168.98134
31458,2022-01-06,163.25399780273438,165.84277
31459,2022-01-07,162.5540008544922,165.50647
31460,2022-01-10,161.48599243164062,165.13591
31461,2022-01-11,165.36199951171875,163.79729
31462,2022-01-12,165.20700073242188,169.09538
31463,2022-01-13,161.21400451660156,167.26495
31464,2022-01-14,162.13800048828125,162.28314
31465,2022-01-18,158.91749572753906,164.76312
31466,2022-01-19,156.2989959716797,160.58612
31467,2022-01-20,151.66749572753906,157.99847
31468,2022-01-21,142.64300537109375,152.82767
31469,2022-01-24,144.54400634765625,142.71661
31470,2022-01-25,139.98599243164062,147.0674
31471,2022-01-26,138.87249755859375,141.51335
31472,2022-01-27,139.6374969482422,140.60608
31473,2022-01-28,143.97799682617188,141.83934
31474,2022-01-31,149.57350158691406,147.09032
31475,2022-02-01,151.19349670410156,152.30675
31476,2022-02-02,150.6125030517578,152.27751
31477,2022-02-03,138.8455047607422,151.66704
31478,2022-02-04,157.63949584960938,137.82373
31479,2022-02-07,157.9355010986328,158.45381
31480,2022-02-08,161.4134979248047,158.46445
31481,2022-02-09,161.1894989013672,163.52043
31482,2022-02-10,159.0034942626953,162.05617
31483,2022-02-11,153.2935028076172,160.4911
31484,2022-02-14,155.16700744628906,153.94475
31485,2022-02-15,156.510498046875,157.99533
31486,2022-02-16,158.10049438476562,159.50528
31487,2022-02-17,154.65249633789062,160.85896
31488,2022-02-18,152.60150146484375,155.72629
31489,2022-02-22,150.19749450683594,154.12727
31490,2022-02-23,144.82699584960938,151.86726
31491,2022-02-24,151.35800170898438,145.81538
31492,2022-02-25,153.7884979248047,154.89948
31493,2022-02-28,153.56300354003906,156.16217
31494,2022-03-01,151.14199829101562,154.97643
31495,2022-03-02,152.05250549316406,152.25636
31496,2022-03-03,147.89849853515625,154.37633
31497,2022-03-04,145.64100646972656,149.08159
31498,2022-03-07,137.4530029296875,147.12366
31499,2022-03-08,136.01449584960938,137.73555
31500,2022-03-09,139.2790069580078,137.49878
31501,2022-03-10,146.8175048828125,142.34639
31502,2022-03-11,145.52450561523438,150.66257
31503,2022-03-14,141.85299682617188,145.69707
31504,2022-03-15,147.3665008544922,142.35126
31505,2022-03-16,153.10400390625,150.28888
31506,2022-03-17,157.23899841308594,156.29047
31507,2022-03-18,161.25050354003906,159.3118
31508,2022-03-21,161.4915008544922,163.27419
31509,2022-03-22,164.88900756835938,162.57762
31510,2022-03-23,163.4080047607422,167.87193
31511,2022-03-24,163.64950561523438,164.7592
31512,2022-03-25,164.77349853515625,165.9937
31513,2022-03-28,168.99049377441406,167.53867
31514,2022-03-29,169.31500244140625,172.87424
31515,2022-03-30,166.30099487304688,171.19965
31516,2022-03-31,162.99749755859375,167.60468
31517,2022-04-01,163.55999755859375,164.39113
31518,2022-04-04,168.34649658203125,166.43246
31519,2022-04-05,164.05499267578125,172.68867
31520,2022-04-06,158.75599670410156,164.60852
31521,2022-04-07,157.7845001220703,159.40431
31522,2022-04-08,154.4604949951172,159.91232
31523,2022-04-11,151.1219940185547,156.29976
31524,2022-04-12,150.78750610351562,152.68056
31525,2022-04-13,155.54100036621094,153.06784
31526,2022-04-14,151.7064971923828,159.32388
31527,2022-04-18,152.78500366210938,152.37054
31528,2022-04-19,158.11549377441406,154.9768
31529,2022-04-20,153.9980010986328,161.83871
31530,2022-04-21,148.29600524902344,154.34277
31531,2022-04-22,144.35000610351562,148.65619
31532,2022-04-25,146.07400512695312,145.35356
31533,2022-04-26,139.39100646972656,148.89719
31534,2022-04-27,138.16700744628906,140.22049
31535,2022-04-28,144.59649658203125,139.60675
31536,2022-04-29,124.28150177001952,148.13498
31537,2022-05-02,124.5,121.6137
31538,2022-05-03,124.25350189208984,124.88514
31539,2022-05-04,125.92849731445312,125.03348
31540,2022-05-05,116.40699768066406,128.48227
31541,2022-05-06,114.77249908447266,116.30116
31542,2022-05-09,108.78900146484376,115.32948
31543,2022-05-10,108.85900115966795,109.606575
31544,2022-05-11,105.37200164794922,110.17886
31545,2022-05-12,106.93049621582033,106.5204
31546,2022-05-13,113.05500030517578,108.29987
31547,2022-05-16,110.8105010986328,115.15832
31548,2022-05-17,115.36849975585938,110.909805
31549,2022-05-18,107.11250305175778,116.6866
31550,2022-05-19,107.31900024414064,106.695625
31551,2022-05-20,107.59100341796876,107.930984
31552,2022-05-23,107.55699920654297,109.07822
31553,2022-05-24,104.09999847412108,108.97679
31554,2022-05-25,106.7750015258789,104.7803
31555,2022-05-26,111.07749938964844,108.04562
31556,2022-05-27,115.14649963378908,112.907074
31557,2022-05-31,120.20950317382812,116.29576
31558,2022-06-01,121.68399810791016,121.161865
31559,2022-06-02,125.51100158691406,121.94571
31560,2022-06-03,122.34999847412108,126.847694
31561,2022-06-06,124.79000091552733,122.41623
31562,2022-06-07,123.0,126.33711
31563,2022-06-08,121.18000030517578,124.14424
31564,2022-06-09,116.1500015258789,122.267006
31565,2022-06-10,109.6500015258789,116.74947
31566,2022-06-13,103.66999816894533,109.98932
31567,2022-06-14,102.30999755859376,104.11324
31568,2022-06-15,107.66999816894534,103.438385
31569,2022-06-16,103.66000366210938,109.761604
31570,2022-06-17,106.22000122070312,104.11879
31571,2022-06-21,108.68000030517578,107.21362
31572,2022-06-22,108.94999694824219,110.05674
31573,2022-06-23,112.44000244140624,109.92837
31574,2022-06-24,116.45999908447266,113.75049
31575,2022-06-27,113.22000122070314,117.773796
31576,2022-06-28,107.4000015258789,113.17679
31577,2022-06-29,108.91999816894533,107.45368
31578,2022-06-30,106.20999908447264,110.02853
31579,2022-07-01,109.55999755859376,107.508415
31580,2022-07-05,113.5,111.1456
31581,2022-07-06,114.33000183105467,115.1915
31582,2022-07-07,116.33000183105467,114.98048
31583,2022-07-08,115.54000091552734,117.39453
31584,2022-07-11,111.75,116.400406
31585,2022-07-12,109.22000122070311,112.319756
31586,2022-07-13,110.40000152587892,109.94222
31587,2022-07-14,110.62999725341795,111.88314
31588,2022-07-15,113.5500030517578,112.13578
31589,2022-07-18,113.7600021362305,115.14937
31590,2022-07-19,118.20999908447266,114.72081
31591,2022-07-20,122.7699966430664,119.89779
31592,2022-07-21,124.62999725341794,124.151085
31593,2022-07-22,122.41999816894533,125.26214
31594,2022-07-25,121.13999938964842,122.70296
31595,2022-07-26,114.80999755859376,122.0484
31596,2022-07-27,120.97000122070314,115.27715
31597,2022-07-28,122.27999877929686,122.87758
31598,2022-07-29,134.9499969482422,123.78993
31599,2022-08-01,135.38999938964844,135.84325
31600,2022-08-02,134.16000366210938,134.91167
31601,2022-08-03,139.52000427246094,134.30058
31602,2022-08-04,142.57000732421875,141.84099
31603,2022-08-05,140.8000030517578,144.42697
31604,2022-08-08,139.41000366210938,141.38208
31605,2022-08-09,137.8300018310547,140.54674
31606,2022-08-10,142.69000244140625,139.28577
31607,2022-08-11,140.63999938964844,145.7402
31608,2022-08-12,143.5500030517578,141.59566
31609,2022-08-15,143.17999267578125,145.8625
31610,2022-08-16,144.77999877929688,144.73393
31611,2022-08-17,142.10000610351562,146.96371
31612,2022-08-18,142.3000030517578,143.24689
31613,2022-08-19,138.22999572753906,144.15718
31614,2022-08-22,133.22000122070312,139.27814
31615,2022-08-23,133.6199951171875,133.96727
31616,2022-08-24,133.8000030517578,135.48372
31617,2022-08-25,137.27999877929688,135.96606
31618,2022-08-26,130.75,139.88055
31619,2022-08-29,129.7899932861328,130.75468
31620,2022-08-30,128.72999572753906,130.84198
31621,2022-08-31,126.7699966430664,130.36986
31622,2022-09-01,127.81999969482423,128.26721
31623,2022-09-02,127.51000213623047,129.62817
31624,2022-09-06,126.11000061035156,129.13083
31625,2022-09-07,129.47999572753906,127.37815
31626,2022-09-08,129.82000732421875,131.62358
31627,2022-09-09,133.27000427246094,131.30495
31628,2022-09-12,136.4499969482422,135.40063
31629,2022-09-13,126.81999969482422,138.22989
31630,2022-09-14,128.5500030517578,125.93677
31631,2022-09-15,126.27999877929689,129.81097
31632,2022-09-16,123.52999877929689,127.85066
31633,2022-09-19,124.66000366210938,124.77795
31634,2022-09-20,122.19000244140622,126.346466
31635,2022-09-21,118.54000091552734,123.47501
31636,2022-09-22,117.30999755859376,119.36602
31637,2022-09-23,113.77999877929688,118.45131
31638,2022-09-26,115.1500015258789,114.86506
31639,2022-09-27,114.41000366210936,116.70046
31640,2022-09-28,118.01000213623048,115.82942
31641,2022-09-29,114.8000030517578,119.826965
31642,2022-09-30,113.0,115.300186
31643,2022-10-03,115.87999725341795,113.768425
31644,2022-10-04,121.08999633789064,117.58002
31645,2022-10-05,120.9499969482422,123.38544
31646,2022-10-06,120.3000030517578,121.38168
31647,2022-10-07,114.55999755859376,121.090454
31648,2022-10-10,113.66999816894533,114.85941
31649,2022-10-11,112.20999908447266,114.61872
31650,2022-10-12,112.9000015258789,113.60102
31651,2022-10-13,112.52999877929688,114.45717
31652,2022-10-14,106.9000015258789,113.8165
31653,2022-10-17,113.79000091552736,107.390396
31654,2022-10-18,116.36000061035156,115.359886
31655,2022-10-19,115.06999969482423,117.68429
31656,2022-10-20,115.25,115.47458
31657,2022-10-21,119.31999969482422,116.101746
31658,2022-10-24,119.81999969482422,121.17871
31659,2022-10-25,120.5999984741211,120.81206
31660,2022-10-26,115.66000366210938,121.761894
31661,2022-10-27,110.95999908447266,116.061325
31662,2022-10-28,103.41000366210939,111.34828
31663,2022-10-31,102.44000244140624,103.69239
31664,2022-11-01,96.79000091552734,103.42151
31665,2022-11-02,92.12000274658205,97.764595
31666,2022-11-03,89.30000305175781,92.68638
31667,2022-11-04,90.9800033569336,90.03745
31668,2022-11-07,90.52999877929688,92.24637
31669,2022-11-08,89.9800033569336,91.70557
31670,2022-11-09,86.13999938964844,90.76392
31671,2022-11-10,96.62999725341795,86.66095
31672,2022-11-11,100.79000091552734,96.55476
31673,2022-11-14,98.4899978637695,100.96228
31674,2022-11-15,98.94000244140625,97.80226
31675,2022-11-16,97.12000274658205,99.24258
31676,2022-11-17,94.8499984741211,97.89781
31677,2022-11-18,94.13999938964844,95.60806
31678,2022-11-21,92.45999908447266,94.99371
31679,2022-11-22,93.1999969482422,93.41382
31680,2022-11-23,94.12999725341794,94.20601
31681,2022-11-25,93.41000366210939,95.21098
31682,2022-11-28,93.94999694824219,94.233925
31683,2022-11-29,92.41999816894533,94.76484
31684,2022-11-30,96.54000091552733,93.18893
31685,2022-12-01,95.49999999999999,97.63362
31686,2022-12-02,94.12999725341794,96.066055
31687,2022-12-05,91.01000213623048,94.70657
31688,2022-12-06,88.25,91.53909
31689,2022-12-07,88.45999908447266,88.87317
31690,2022-12-08,90.3499984741211,89.37037
31691,2022-12-09,89.08999633789062,91.57314
31692,2022-12-12,90.5500030517578,89.87652
31693,2022-12-13,92.48999786376952,91.3068
31694,2022-12-14,91.58000183105467,93.434814
31695,2022-12-15,88.44999694824219,92.24546
31696,2022-12-16,87.86000061035156,88.87942
31697,2022-12-19,84.91999816894531,88.46717
31698,2022-12-20,85.19000244140625,85.74432
31699,2022-12-21,86.7699966430664,85.967545
31700,2022-12-22,83.79000091552734,87.81666
31701,2022-12-23,85.25,84.461395
31702,2022-12-27,83.04000091552734,85.844955
31703,2022-12-28,81.81999969482422,83.79335
31704,2022-12-29,84.18000030517578,82.434326
31705,2022-12-30,84.0,85.03523
31706,2023-01-03,85.81999969482422,84.835526
31707,2023-01-04,85.13999938964844,86.5352
31708,2023-01-05,83.12000274658203,85.70851
31709,2023-01-06,86.08000183105469,83.63619
31710,2023-01-09,87.36000061035156,86.82173
31711,2023-01-10,89.87000274658203,88.27213
31712,2023-01-11,95.08999633789064,90.61074
31713,2023-01-12,95.2699966430664,95.80308
31714,2023-01-13,98.12000274658206,95.178764
31715,2023-01-17,96.05000305175778,98.750946
31716,2023-01-18,95.45999908447266,96.328705
31717,2023-01-19,93.68000030517578,96.11416
31718,2023-01-20,97.25000000000001,94.447754
31719,2023-01-23,97.5199966430664,98.45059
31720,2023-01-24,96.31999969482422,98.433266
31721,2023-01-25,97.18000030517577,96.964554
31722,2023-01-26,99.22000122070311,98.005745
31723,2023-01-27,102.23999786376952,100.41021
31724,2023-01-30,100.55000305175781,103.42014
31725,2023-01-31,103.12999725341795,100.88459
31726,2023-02-01,105.1500015258789,104.1013
31727,2023-02-02,112.91000366210938,106.31296
31728,2023-02-03,103.38999938964842,114.34512
31729,2023-02-06,102.18000030517577,102.027756
31730,2023-02-07,102.11000061035155,102.172424
31731,2023-02-08,100.0500030517578,103.33918
31732,2023-02-09,98.23999786376952,101.30363
31733,2023-02-10,97.61000061035156,99.05201
31734,2023-02-13,99.54000091552734,98.58551
31735,2023-02-14,99.6999969482422,100.854774
31736,2023-02-15,101.16000366210939,100.76102
31737,2023-02-16,98.15000152587892,102.17157
31738,2023-02-17,97.1999969482422,98.72993
31739,2023-02-21,94.58000183105466,97.8932
31740,2023-02-22,95.79000091552734,95.39929
31741,2023-02-23,95.81999969482422,96.86077
31742,2023-02-24,93.5,96.94488
31743,2023-02-27,93.76000213623047,94.24154
31744,2023-02-28,94.2300033569336,94.54803
31745,2023-03-01,92.16999816894533,95.291595
31746,2023-03-02,92.12999725341795,92.96807
31747,2023-03-03,94.9000015258789,92.893135
31748,2023-03-06,93.75,96.0752
31749,2023-03-07,93.5500030517578,94.543846
31750,2023-03-08,93.91999816894533,94.22103
31751,2023-03-09,92.25,94.78198
31752,2023-03-10,90.7300033569336,93.05611
31753,2023-03-13,92.43000030517578,91.423546
31754,2023-03-14,94.87999725341795,93.43645
31755,2023-03-15,96.19999694824219,96.07405
31756,2023-03-16,100.04000091552734,97.002594
31757,2023-03-17,98.94999694824219,100.995995
31758,2023-03-20,97.70999908447266,99.14916
31759,2023-03-21,100.61000061035156,98.24788
31760,2023-03-22,98.6999969482422,101.732315
31761,2023-03-23,98.70999908447266,99.54194
31762,2023-03-24,98.12999725341795,99.51733
31763,2023-03-27,98.04000091552734,99.03982
31764,2023-03-28,97.23999786376952,99.04768
31765,2023-03-29,100.25,98.146194
31766,2023-03-30,102.0,101.47444
31767,2023-03-31,103.29000091552736,103.08476
31768,2023-04-03,102.41000366210938,104.178825
31769,2023-04-04,103.94999694824219,103.05789
31770,2023-04-05,101.0999984741211,104.97842
31771,2023-04-06,102.05999755859376,101.8215
31772,2023-04-10,102.16999816894534,103.03875
31773,2023-04-11,99.91999816894534,103.320404
31774,2023-04-12,97.83000183105466,100.754814
31775,2023-04-13,102.4000015258789,98.51731
31776,2023-04-14,102.51000213623048,103.78121
31777,2023-04-17,102.73999786376952,103.397804
31778,2023-04-18,102.3000030517578,103.54483
31779,2023-04-19,104.30000305175778,103.09184
31780,2023-04-20,103.80999755859375,105.511185
31781,2023-04-21,106.95999908447266,104.77363
31782,2023-04-24,106.20999908447264,108.22529
31783,2023-04-25,102.56999969482422,106.93885
31784,2023-04-26,104.98000335693358,103.062
31785,2023-04-27,109.81999969482422,106.0952
31786,2023-04-28,105.4499969482422,111.71425
31787,2023-05-01,102.0500030517578,105.41112
31788,2023-05-02,103.62999725341797,102.27616
31789,2023-05-03,103.65000152587889,104.76524
31790,2023-05-04,104.0,105.087456
31791,2023-05-05,105.66000366210938,105.11022
31792,2023-05-08,105.83000183105467,106.829735
31793,2023-05-09,106.62000274658205,106.85549
31794,2023-05-10,110.19000244140624,107.66627
31795,2023-05-11,112.1800003051758,111.629944
31796,2023-05-12,110.26000213623048,113.1469
31797,2023-05-15,111.19999694824222,110.722595
31798,2023-05-16,113.4000015258789,112.21484
31799,2023-05-17,115.49999999999999,114.926765
31800,2023-05-18,118.15000152587892,116.94834
31801,2023-05-19,116.25,119.47538
31802,2023-05-22,115.01000213623048,116.74788
31803,2023-05-23,114.98999786376952,115.855774
31804,2023-05-24,116.75,116.26131
31805,2023-05-25,115.00000000000001,118.42189
31806,2023-05-26,120.11000061035156,116.03814
31807,2023-05-30,121.66000366210939,122.015274
31808,2023-05-31,120.58000183105466,122.69732
31809,2023-06-01,122.7699966430664,121.34682
31810,2023-06-02,124.25,124.216515
31811,2023-06-05,125.3000030517578,125.85648
31812,2023-06-06,126.61000061035158,126.761604
31813,2023-06-07,121.2300033569336,128.08522
31814,2023-06-08,124.25,121.63622
31815,2023-06-09,123.43000030517578,125.94329
31816,2023-06-12,126.56999969482422,124.96209
31817,2023-06-13,126.66000366210939,128.59947
31818,2023-06-14,126.41999816894533,127.8333
31819,2023-06-15,127.11000061035158,127.69733
31820,2023-06-16,125.48999786376952,128.59906
31821,2023-06-20,125.77999877929688,126.71388
31822,2023-06-21,124.83000183105467,127.275734
31823,2023-06-22,130.14999389648438,126.210205
31824,2023-06-23,129.3300018310547,132.64288
31825,2023-06-26,127.33000183105469,130.09482
31826,2023-06-27,129.17999267578125,128.21982
31827,2023-06-28,129.0399932861328,130.92339
31828,2023-06-29,127.9000015258789,130.68948
31829,2023-06-30,130.36000061035156,129.19475
31830,2023-07-03,130.22000122070312,132.32588
31831,2023-07-05,130.3800048828125,131.76933
31832,2023-07-06,128.36000061035156,131.87148
31833,2023-07-07,129.77999877929688,129.47153
31834,2023-07-10,127.12999725341795,131.60684
31835,2023-07-11,128.77999877929688,128.31209
31836,2023-07-12,130.8000030517578,130.60168
31837,2023-07-13,134.3000030517578,132.83902
31838,2023-07-14,134.67999267578125,136.58817
31839,2023-07-17,133.55999755859375,135.70363
31840,2023-07-18,132.8300018310547,134.67447
31841,2023-07-19,135.36000061035156,134.18265
31842,2023-07-20,129.9600067138672,137.61633
31843,2023-07-21,130.0,130.58481
31844,2023-07-24,128.8000030517578,131.37122
31845,2023-07-25,129.1300048828125,130.38509
31846,2023-07-26,128.14999389648438,130.96027
31847,2023-07-27,128.25,129.58711
31848,2023-07-28,132.2100067138672,129.82669
31849,2023-07-31,133.67999267578125,134.59235
31850,2023-08-01,131.69000244140625,135.15558
31851,2023-08-02,128.2100067138672,132.56502
31852,2023-08-03,128.91000366210938,128.9253
31853,2023-08-04,139.57000732421875,130.60808
31854,2023-08-07,142.22000122070312,142.82986
31855,2023-08-08,139.94000244140625,143.12642
31856,2023-08-09,137.85000610351562,139.80952
31857,2023-08-10,138.55999755859375,138.6581
31858,2023-08-11,138.41000366210938,140.5429
31859,2023-08-14,140.57000732421875,140.35683
31860,2023-08-15,137.6699981689453,142.88438
31861,2023-08-16,135.07000732421875,138.74657
31862,2023-08-17,133.97999572753906,136.147
31863,2023-08-18,133.22000122070312,135.52637
31864,2023-08-21,134.67999267578125,135.00832
31865,2023-08-22,134.25,136.82668
31866,2023-08-23,135.52000427246094,135.8978
31867,2023-08-24,131.83999633789062,137.40529
31868,2023-08-25,133.25999450683594,132.73512
31869,2023-08-28,133.13999938964844,135.10777
31870,2023-08-29,134.91000366210938,134.92873
31871,2023-08-30,135.07000732421875,136.98749
31872,2023-08-31,138.00999450683594,136.6712
31873,2023-09-01,138.1199951171875,140.24681
31874,2023-09-05,137.27000427246094,139.53061
31875,2023-09-06,135.36000061035156,138.64583
31876,2023-09-07,137.85000610351562,136.5806
31877,2023-09-08,138.22999572753906,140.18451
31878,2023-09-11,143.10000610351562,140.14095
31879,2023-09-12,141.22999572753906,145.95337
31880,2023-09-13,144.85000610351562,141.804
31881,2023-09-14,144.72000122070312,147.28145
31882,2023-09-15,140.38999938964844,146.14693
31883,2023-09-18,139.97999572753906,141.1521
31884,2023-09-19,137.6300048828125,141.57323
31885,2023-09-20,135.2899932861328,139.19803
31886,2023-09-21,129.3300018310547,136.72476
31887,2023-09-22,129.1199951171875,129.97717
31888,2023-09-25,131.27000427246094,130.69672
31889,2023-09-26,125.9800033569336,133.74744
31890,2023-09-27,125.9800033569336,126.783806
31891,2023-09-28,125.9800033569336,127.2398
31892,2023-09-29,127.12000274658205,127.71271
31893,2023-10-02,129.4600067138672,129.02003
31894,2023-10-03,124.72000122070311,131.39827
31895,2023-10-04,127.0,125.20352
31896,2023-10-05,125.95999908447266,128.6439
31897,2023-10-06,127.95999908447266,127.452644
31898,2023-10-09,128.25999450683594,129.87021
31899,2023-10-10,129.47999572753906,129.75526
31900,2023-10-11,131.8300018310547,131.15767
31901,2023-10-12,132.3300018310547,133.72823
31902,2023-10-13,129.7899932861328,133.777
31903,2023-10-16,132.5500030517578,130.7037
31904,2023-10-17,131.47000122070312,134.58414
31905,2023-10-18,128.1300048828125,132.94373
31906,2023-10-19,128.39999389648438,129.02365
31907,2023-10-20,125.16999816894533,129.92361
31908,2023-10-23,126.55999755859375,126.36704
31909,2023-10-24,128.55999755859375,128.37231
31910,2023-10-25,121.38999938964844,130.62827
31911,2023-10-26,119.56999969482422,121.64556
31912,2023-10-27,127.73999786376952,120.256935
31913,2023-10-30,132.7100067138672,130.63985
31914,2023-10-31,133.08999633789062,134.55388
31915,2023-11-01,137.0,133.30356
31916,2023-11-02,138.07000732421875,138.81444
31917,2023-11-03,138.60000610351562,139.23843
31918,2023-11-06,139.74000549316406,140.13162
31919,2023-11-07,142.7100067138672,141.54002
31920,2023-11-08,142.0800018310547,145.10863
31921,2023-11-09,140.60000610351562,143.36256
31922,2023-11-10,143.55999755859375,141.88892
31923,2023-11-13,142.58999633789062,146.0643
31924,2023-11-14,145.8000030517578,144.2234
31925,2023-11-15,143.1999969482422,148.36029
31926,2023-11-16,142.8300018310547,144.17018
31927,2023-11-17,145.17999267578125,144.50328
31928,2023-11-20,146.1300048828125,147.70215
31929,2023-11-21,143.89999389648438,148.33711
31930,2023-11-22,146.7100067138672,145.14085
31931,2023-11-24,146.74000549316406,149.22923
31932,2023-11-27,147.72999572753906,148.71257
31933,2023-11-28,147.02999877929688,149.8693
31934,2023-11-29,146.32000732421875,148.7136
31935,2023-11-30,146.08999633789062,148.07246
31936,2023-12-01,147.02999877929688,148.02252
31937,2023-12-04,144.83999633789062,149.31566
31938,2023-12-05,146.8800048828125,146.30751
31939,2023-12-06,144.52000427246094,149.32863
31940,2023-12-07,146.8800048828125,145.96362
31941,2023-12-08,147.4199981689453,149.40738
31942,2023-12-11,145.88999938964844,149.5254
31943,2023-12-12,147.47999572753906,147.42621
31944,2023-12-13,148.83999633789062,149.75742
31945,2023-12-14,147.4199981689453,151.23306
31946,2023-12-15,149.97000122070312,148.98378
31947,2023-12-18,154.07000732421875,152.52863
31948,2023-12-19,153.7899932861328,157.26573
31949,2023-12-20,152.1199951171875,155.06938
31950,2023-12-21,153.83999633789062,153.46991
31951,2023-12-22,153.4199981689453,156.35458
31952,2023-12-26,153.41000366210938,155.5408
31953,2023-12-27,153.33999633789062,155.53076
31954,2023-12-28,153.3800048828125,155.44307
31955,2023-12-29,151.94000244140625,155.56921
